﻿"name";"url";"isHub";"hubUrl";"lcid";"isOrgNews";"isHome";"siteTheme";"templatePath";"newUrl"
"Standard Intranöt";"https://montejano.sharepoint.com/sites/home2";"True";"https://montejano.sharepoint.com/sites/home2";"1031";"True";"True";"Blue custom";"C:\repos\ZKB.Intranet\staging\templates\home2\home2.xml";"https://montejano.sharepoint.com/sites/home2"
"HR";"https://montejano.sharepoint.com/sites/Intranet_HR2";"False";"https://montejano.sharepoint.com/sites/home2";"1031";"False";"False";"default";"C:\repos\ZKB.Intranet\staging\templates\Intranet_HR2\Intranet_HR2.xml";"https://montejano.sharepoint.com/sites/Intranet_HR2"
"IT";"https://montejano.sharepoint.com/sites/Intranet_IT2";"False";"https://montejano.sharepoint.com/sites/home2";"1031";"False";"False";"default";"C:\repos\ZKB.Intranet\staging\templates\Intranet_IT2\Intranet_IT2.xml";"https://montejano.sharepoint.com/sites/Intranet_IT2"
"Marketing";"https://montejano.sharepoint.com/sites/Intranet_MarketingCommunication2";"False";"https://montejano.sharepoint.com/sites/home2";"1031";"True";"False";"default";"C:\repos\ZKB.Intranet\staging\templates\Intranet_MarketingCommunication2\Intranet_MarketingCommunication2.xml";"https://montejano.sharepoint.com/sites/Intranet_MarketingCommunication2"
"BU";"https://montejano.sharepoint.com/sites/Intranet_BU1-n2";"False";"https://montejano.sharepoint.com/sites/home2";"1031";"False";"False";"default";"C:\repos\ZKB.Intranet\staging\templates\Intranet_BU1-n2\Intranet_BU1-n2.xml";"https://montejano.sharepoint.com/sites/Intranet_BU1-n2"
"HR";"https://montejano.sharepoint.com/sites/Intranet_HR20";"False";"https://montejano.sharepoint.com/sites/home2";"1031";"True";"False";"default";"C:\repos\ZKB.Intranet\staging\templates\Intranet_HR20\Intranet_HR20.xml";"https://montejano.sharepoint.com/sites/Intranet_HR20"
"IT";"https://montejano.sharepoint.com/sites/Intranet_IT20";"False";"https://montejano.sharepoint.com/sites/home2";"1031";"True";"False";"default";"C:\repos\ZKB.Intranet\staging\templates\Intranet_IT20\Intranet_IT20.xml";"https://montejano.sharepoint.com/sites/Intranet_IT20"
