﻿"site";"claimString";"type";"sourceObject";"targetObject"
"https://montejano.sharepoint.com/sites/home2";"i:0#.f|membership|emilio@montejano.onmicrosoft.com";"User";"@{id=emilio@montejano.onmicrosoft.com; name=Emilio Montejano; type=User}";""
"https://montejano.sharepoint.com/sites/Intranet_MarketingCommunication2";"c:0o.c|federateddirectoryclaimprovider|1af2c76d-7a7e-488b-ae7a-683cb4c4c318";"Group";"@{id=1af2c76d-7a7e-488b-ae7a-683cb4c4c318; name=Grupo Alertas; type=Group}";""
"https://montejano.sharepoint.com/sites/Intranet_MarketingCommunication2";"c:0t.c|tenant|174459e2-a5ed-48ee-978d-8343afe22565";"Group";"@{id=174459e2-a5ed-48ee-978d-8343afe22565; name=Clientes - Colaboradores; type=Group}";""
"https://montejano.sharepoint.com/sites/Intranet_MarketingCommunication2";"c:0t.c|tenant|b306a54f-8903-4902-ab37-e1b1b967fd63";"Group";"@{id=b306a54f-8903-4902-ab37-e1b1b967fd63; name=Administradores; type=Group}";""
"https://montejano.sharepoint.com/sites/Intranet_MarketingCommunication2";"c:0t.c|tenant|c36041be-a3ea-44f4-87cd-c8b332d87e48";"Group";"@{id=c36041be-a3ea-44f4-87cd-c8b332d87e48; name=Administración - Lectores; type=Group}";""
"https://montejano.sharepoint.com/sites/Intranet_MarketingCommunication2";"i:0#.f|membership|adelev@montejano.onmicrosoft.com";"User";"@{id=adelev@montejano.onmicrosoft.com; name=Adele Vance; type=User}";""
