{
  "$schema": "https://aka.ms/sppnp-extract-configuration-schema",
  "persistAssetFiles": true,
  "handlers": [
    "Lists"
  ],
  "lists": {
    "includeHiddenLists": false,
    "lists": [
      {
        "title": "Websiteobjekte",
        "includeItems": true,
        "query": {
          "includeAttachments": false
        }
      },
      {
        "title": "Site Assets",
        "includeItems": true,
        "query": {
          "includeAttachments": false
        }
      },
      {
        "title": "ZKB Bilderpool",
        "includeItems": true,
        "query": {
          "includeAttachments": false
        }
      },
      {
        "title": "ZKB Bilder Pool",
        "includeItems": true,
        "query": {
          "includeAttachments": false
        }
      }
    ]
  }
}